"1702077163765","POST","339","200"
"1702077163766","POST","374","200"
"1702077163766","POST","376","200"
"1702077163765","POST","377","200"
"1702077163765","POST","377","200"
"1702077163765","POST","377","200"
"1702077163766","POST","377","200"
"1702077163765","POST","378","200"
"1702077163766","POST","444","200"
"1702077163766","POST","464","200"
"1702077164194","POST","279","200"
"1702077164194","POST","279","200"
"1702077164197","POST","276","200"
"1702077164168","POST","306","200"
"1702077164197","POST","277","200"
"1702077164194","POST","280","200"
"1702077164194","POST","280","200"
"1702077164194","POST","280","200"
"1702077164263","POST","278","200"
"1702077164287","POST","426","200"
"1702077164520","POST","269","200"
"1702077164531","POST","432","200"
"1702077164525","POST","438","200"
"1702077164520","POST","443","200"
"1702077164526","POST","438","200"
"1702077164525","POST","439","200"
"1702077164590","POST","485","200"
"1702077164531","POST","544","200"
"1702077164531","POST","544","200"
"1702077164835","POST","385","200"
"1702077164767","POST","453","200"
"1702077165026","POST","336","200"
"1702077165027","POST","335","200"
"1702077165025","POST","337","200"
"1702077165026","POST","497","200"
"1702077165128","POST","395","200"
"1702077165025","POST","499","200"
"1702077165268","POST","373","200"
"1702077165130","POST","512","200"
"1702077165130","POST","512","200"
"1702077165409","POST","345","200"
"1702077165273","POST","483","200"
"1702077165409","POST","348","200"
"1702077165411","POST","346","200"
"1702077165577","POST","363","200"
"1702077165576","POST","495","200"
"1702077165576","POST","495","200"
"1702077165689","POST","383","200"
"1702077165698","POST","377","200"
"1702077165698","POST","377","200"
"1702077165816","POST","338","200"
"1702077165773","POST","447","200"
"1702077165777","POST","443","200"
"1702077165816","POST","408","200"
"1702077165817","POST","407","200"
"1702077165783","POST","567","200"
"1702077165832","POST","519","200"
"1702077165788","POST","652","200"
"1702077165789","POST","694","200"
"1702077165792","POST","693","200"
"1702077165991","POST","494","200"
"1702077165781","POST","704","200"
"1702077165790","POST","695","200"
"1702077165786","POST","699","200"
"1702077165791","POST","830","200"
"1702077166136","POST","486","200"
"1702077166133","POST","489","200"
"1702077166270","POST","420","200"
"1702077166270","POST","461","200"
"1702077166122","POST","609","200"
"1702077166278","POST","453","200"
"1702077166418","POST","553","200"
"1702077166121","POST","851","200"
"1702077166275","POST","697","200"
"1702077166121","POST","852","200"
"1702077166207","POST","766","200"
"1702077166536","POST","503","200"
"1702077166536","POST","545","200"
"1702077166541","POST","542","200"
"1702077166540","POST","543","200"
"1702077166495","POST","726","200"
"1702077166536","POST","685","200"
"1702077166703","POST","519","200"
"1702077166749","POST","473","200"
"1702077166417","POST","804","200"
"1702077166703","POST","519","200"
"1702077166540","POST","751","200"
"1702077166790","POST","540","200"
"1702077166703","POST","631","200"
"1702077167034","POST","428","200"
"1702077166791","POST","671","200"
"1702077167034","POST","428","200"
"1702077166781","POST","768","200"
"1702077167034","POST","556","200"
"1702077167034","POST","556","200"
"1702077167095","POST","495","200"
"1702077167143","POST","448","200"
"1702077167033","POST","558","200"
"1702077167144","POST","448","200"
"1702077167159","POST","515","200"
"1702077167280","POST","490","200"
"1702077167286","POST","595","200"
"1702077167285","POST","715","200"
"1702077167285","POST","716","200"
"1702077167285","POST","716","200"
"1702077167388","POST","614","200"
"1702077167286","POST","716","200"
"1702077167351","POST","802","200"
"1702077167597","POST","557","200"
"1702077167523","POST","631","200"
"1702077167523","POST","631","200"
"1702077167651","POST","503","200"
"1702077167388","POST","766","200"
"1702077167651","POST","620","200"
"1702077167680","POST","676","200"
"1702077167651","POST","739","200"
"1702077167512","POST","881","200"
"1702077167651","POST","743","200"
"1702077167817","POST","714","200"
"1702077167801","POST","732","200"
"1702077167815","POST","718","200"
"1702077167797","POST","736","200"
"1702077167800","POST","733","200"
"1702077167797","POST","736","200"
"1702077167802","POST","731","200"
"1702077167735","POST","855","200"
"1702077168200","POST","420","200"
"1702077167811","POST","939","200"
"1702077167651","POST","1100","200"
"1702077168052","POST","699","200"
"1702077167807","POST","944","200"
"1702077167804","POST","947","200"
"1702077167809","POST","942","200"
"1702077168202","POST","549","200"
"1702077167940","POST","812","200"
"1702077168202","POST","550","200"
"1702077168207","POST","545","200"
"1702077168056","POST","774","200"
"1702077168052","POST","988","200"
"1702077168206","POST","837","200"
"1702077168056","POST","987","200"
"1702077168587","POST","456","200"
"1702077168207","POST","836","200"
"1702077168411","POST","691","200"
"1702077168579","POST","564","200"
"1702077168578","POST","565","200"
"1702077168587","POST","556","200"
"1702077168440","POST","703","200"
"1702077168586","POST","558","200"
"1702077168587","POST","557","200"
"1702077168806","POST","435","200"
"1702077168806","POST","435","200"
"1702077168806","POST","436","200"
"1702077168808","POST","514","200"
"1702077168806","POST","554","200"
"1702077168808","POST","553","200"
"1702077168339","POST","1193","200"
"1702077168579","POST","953","200"
"1702077168800","POST","732","200"
"1702077168052","POST","1480","200"
"1702077168806","POST","726","200"
"1702077168803","POST","729","200"
"1702077168666","POST","867","200"
"1702077168888","POST","645","200"
"1702077168443","POST","1090","200"
"1702077168449","POST","1151","200"
"1702077168648","POST","1072","200"
"1702077169196","POST","526","200"
"1702077169092","POST","630","200"
"1702077169093","POST","629","200"
"1702077169093","POST","629","200"
"1702077169099","POST","623","200"
"1702077169196","POST","527","200"
"1702077169297","POST","482","200"
"1702077169092","POST","719","200"
"1702077169195","POST","616","200"
"1702077168806","POST","1005","200"
"1702077169197","POST","614","200"
"1702077169584","POST","545","200"
"1702077169590","POST","539","200"
"1702077169589","POST","540","200"
"1702077169590","POST","539","200"
"1702077169195","POST","934","200"
"1702077169591","POST","539","200"
"1702077169591","POST","539","200"
"1702077169589","POST","541","200"
"1702077169376","POST","754","200"
"1702077169189","POST","1042","200"
"1702077169415","POST","817","200"
"1702077169147","POST","1085","200"
"1702077169778","POST","532","200"
"1702077169770","POST","669","200"
"1702077169292","POST","1150","200"
"1702077169582","POST","860","200"
"1702077169584","POST","858","200"
"1702077169828","POST","614","200"
"1702077169830","POST","612","200"
"1702077169654","POST","788","200"
"1702077169292","POST","1150","200"
"1702077169827","POST","616","200"
"1702077169413","POST","1030","200"
"1702077169829","POST","691","200"
"1702077169778","POST","894","200"
"1702077169778","POST","894","200"
"1702077169865","POST","808","200"
"1702077169822","POST","947","200"
"1702077169831","POST","999","200"
"1702077169831","POST","1000","200"
"1702077170187","POST","645","200"
"1702077170185","POST","647","200"
"1702077170185","POST","647","200"
"1702077169832","POST","1148","200"
"1702077169864","POST","1196","200"
"1702077169863","POST","1199","200"
"1702077170510","POST","680","200"
"1702077170509","POST","722","200"
"1702077170509","POST","723","200"
"1702077170511","POST","839","200"
"1702077170511","POST","880","200"
"1702077170510","POST","881","200"
"1702077169825","POST","1566","200"
"1702077170510","POST","886","200"
"1702077170509","POST","887","200"
"1702077170282","POST","1115","200"
"1702077169827","POST","1570","200"
"1702077170187","POST","1210","200"
"1702077169865","POST","1596","200"
"1702077170395","POST","1126","200"
"1702077169776","POST","1855","200"
"1702077170732","POST","939","200"
"1702077170184","POST","1488","200"
"1702077169777","POST","1896","200"
"1702077170882","POST","950","200"
"1702077170821","POST","1012","200"
"1702077170511","POST","1322","200"
"1702077170511","POST","1322","200"
"1702077170883","POST","950","200"
"1702077170732","POST","1101","200"
"1702077169829","POST","2005","200"
"1702077171028","POST","806","200"
"1702077169776","POST","2187","200"
"1702077170883","POST","1241","200"
"1702077170882","POST","1242","200"
"1702077170286","POST","1838","200"
"1702077171242","POST","883","200"
"1702077170730","POST","1395","200"
"1702077171449","POST","676","200"
"1702077171449","POST","676","200"
"1702077171440","POST","741","200"
"1702077171439","POST","771","200"
"1702077171439","POST","771","200"
"1702077171283","POST","931","200"
"1702077171449","POST","903","200"
"1702077171724","POST","707","200"
"1702077171449","POST","1023","200"
"1702077171688","POST","784","200"
"1702077171724","POST","748","200"
"1702077171577","POST","895","200"
"1702077171277","POST","1195","200"
"1702077171414","POST","1058","200"
"1702077170285","POST","2187","200"
"1702077171836","POST","636","200"
"1702077171724","POST","749","200"
"1702077170887","POST","1587","200"
"1702077170186","POST","2445","200"
"1702077170185","POST","2486","200"
"1702077170185","POST","2487","200"
"1702077170185","POST","2487","200"
"1702077171848","POST","861","200"
"1702077171893","POST","917","200"
"1702077171894","POST","917","200"
"1702077170578","POST","2416","200"
"1702077171894","POST","1167","200"
"1702077171111","POST","1950","200"
"1702077171894","POST","1167","200"
"1702077171449","POST","1613","200"
"1702077171838","POST","1373","200"
"1702077171837","POST","1415","200"
"1702077172191","POST","1062","200"
"1702077172181","POST","1072","200"
"1702077172187","POST","1066","200"
"1702077171836","POST","1545","200"
"1702077171839","POST","1543","200"
"1702077172267","POST","1116","200"
"1702077172405","POST","1077","200"
"1702077172267","POST","1272","200"
"1702077172489","POST","1052","200"
"1702077171893","POST","1648","200"
"1702077171847","POST","1703","200"
"1702077172523","POST","1096","200"
"1702077172526","POST","1195","200"
"1702077172525","POST","1202","200"
"1702077172526","POST","1201","200"
"1702077171112","POST","2718","200"
"1702077172183","POST","1777","200"
"1702077172182","POST","1780","200"
"1702077172529","POST","1433","200"
"1702077172722","POST","1240","200"
"1702077172867","POST","1095","200"
"1702077172723","POST","1240","200"
"1702077172691","POST","1272","200"
"1702077171840","POST","2191","200"
"1702077173119","POST","1101","200"
"1702077171893","POST","2371","200"
"1702077173119","POST","1145","200"
"1702077171894","POST","2370","200"
"1702077172525","POST","1739","200"
"1702077173049","POST","1215","200"
"1702077173302","POST","962","200"
"1702077173268","POST","996","200"
"1702077172523","POST","1742","200"
"1702077173126","POST","1139","200"
"1702077172526","POST","1739","200"
"1702077172528","POST","1844","200"
"1702077172758","POST","1691","200"
"1702077172866","POST","1624","200"
"1702077173600","POST","892","200"
"1702077173666","POST","826","200"
"1702077173590","POST","902","200"
"1702077173593","POST","899","200"
"1702077173586","POST","907","200"
"1702077173546","POST","947","200"
"1702077171840","POST","2653","200"
"1702077172245","POST","2314","200"
"1702077171846","POST","2793","200"
"1702077173855","POST","895","200"
"1702077173859","POST","932","200"
"1702077173858","POST","933","200"
"1702077173894","POST","897","200"
"1702077173860","POST","932","200"
"1702077172526","POST","2268","200"
"1702077173308","POST","1486","200"
"1702077173303","POST","1491","200"
"1702077173306","POST","1489","200"
"1702077174009","POST","962","200"
"1702077174017","POST","955","200"
"1702077174028","POST","1105","200"
"1702077173432","POST","1790","200"
"1702077172722","POST","2501","200"
"1702077174315","POST","1006","200"
"1702077174318","POST","1043","200"
"1702077174318","POST","1043","200"
"1702077174268","POST","1093","200"
"1702077174315","POST","1046","200"
"1702077174098","POST","1264","200"
"1702077174318","POST","1044","200"
"1702077172262","POST","3257","200"
"1702077173850","POST","1669","200"
"1702077173850","POST","1669","200"
"1702077174505","POST","1176","200"
"1702077173852","POST","1829","200"
"1702077173857","POST","1824","200"
"1702077174535","POST","1226","200"
"1702077174535","POST","1226","200"
"1702077174547","POST","1252","200"
"1702077174537","POST","1265","200"
"1702077174010","POST","1792","200"
"1702077174607","POST","1195","200"
"1702077174551","POST","1251","200"
"1702077174018","POST","1784","200"
"1702077174017","POST","1994","200"
"1702077174312","POST","1850","200"
"1702077174843","POST","1319","200"
"1702077174858","POST","1304","200"
"1702077174858","POST","1304","200"
"1702077174839","POST","1323","200"
"1702077174839","POST","1323","200"
"1702077174320","POST","1921","200"
"1702077174319","POST","1960","200"
"1702077171894","POST","4386","200"
"1702077174320","POST","1962","200"
"1702077173789","POST","2493","200"
"1702077174320","POST","1962","200"
"1702077175273","POST","1197","200"
"1702077175409","POST","1131","200"
"1702077175412","POST","1130","200"
"1702077174555","POST","1987","200"
"1702077175369","POST","1173","200"
"1702077175410","POST","1132","200"
"1702077174551","POST","1991","200"
"1702077175272","POST","1270","200"
"1702077175410","POST","1133","200"
"1702077175412","POST","1132","200"
"1702077175413","POST","1131","200"
"1702077174555","POST","2054","200"
"1702077175728","POST","1052","200"
"1702077175731","POST","1120","200"
"1702077175730","POST","1121","200"
"1702077174858","POST","1994","200"
"1702077174859","POST","1993","200"
"1702077175850","POST","1131","200"
"1702077175846","POST","1235","200"
"1702077175850","POST","1231","200"
"1702077175808","POST","1274","200"
"1702077175849","POST","1233","200"
"1702077175808","POST","1274","200"
"1702077174859","POST","2223","200"
"1702077175865","POST","1334","200"
"1702077175017","POST","2214","200"
"1702077173788","POST","3443","200"
"1702077173788","POST","3443","200"
"1702077175022","POST","2209","200"
"1702077173856","POST","3474","200"
"1702077176065","POST","1306","200"
"1702077171516","POST","5985","200"
"1702077176213","POST","1288","200"
"1702077176213","POST","1327","200"
"1702077175567","POST","1973","200"
"1702077176226","POST","1316","200"
"1702077176230","POST","1312","200"
"1702077176224","POST","1318","200"
"1702077176341","POST","1202","200"
"1702077172182","POST","5365","200"
"1702077176341","POST","1206","200"
"1702077175581","POST","2140","200"
"1702077173432","POST","4378","200"
"1702077176590","POST","1313","200"
"1702077176607","POST","1296","200"
"1702077176587","POST","1316","200"
"1702077176586","POST","1317","200"
"1702077176600","POST","1303","200"
"1702077176586","POST","1318","200"
"1702077176590","POST","1440","200"
"1702077176589","POST","1441","200"
"1702077176657","POST","1374","200"
"1702077175852","POST","2180","200"
"1702077176824","POST","1275","200"
"1702077176900","POST","1240","200"
"1702077177036","POST","1105","200"
"1702077176912","POST","1231","200"
"1702077175186","POST","2957","200"
"1702077176903","POST","1240","200"
"1702077177131","POST","1130","200"
"1702077174426","POST","3835","200"
"1702077173432","POST","4829","200"
"1702077173861","POST","4400","200"
"1702077177137","POST","1204","200"
"1702077177131","POST","1249","200"
"1702077176339","POST","2041","200"
"1702077177248","POST","1134","200"
"1702077177281","POST","1101","200"
"1702077176289","POST","2093","200"
"1702077177281","POST","1101","200"
"1702077176341","POST","2042","200"
"1702077177548","POST","1042","200"
"1702077176587","POST","2045","200"
"1702077174806","POST","3826","200"
"1702077177588","POST","1044","200"
"1702077177586","POST","1046","200"
"1702077177378","POST","1255","200"
"1702077177589","POST","1183","200"
"1702077177589","POST","1183","200"
"1702077175865","POST","2907","200"
"1702077177600","POST","1173","200"
"1702077177598","POST","1175","200"
"1702077177592","POST","1181","200"
"1702077176911","POST","1939","200"
"1702077177875","POST","1217","200"
"1702077177872","POST","1221","200"
"1702077177952","POST","1142","200"
"1702077177874","POST","1219","200"
"1702077177876","POST","1218","200"
"1702077177872","POST","1222","200"
"1702077177952","POST","1204","200"
"1702077177952","POST","1229","200"
"1702077177952","POST","1229","200"
"1702077174017","POST","5166","200"
"1702077176224","POST","2959","200"
"1702077177960","POST","1223","200"
"1702077178086","POST","1205","200"
"1702077176339","POST","2952","200"
"1702077178086","POST","1205","200"
"1702077177281","POST","2109","200"
"1702077177280","POST","2172","200"
"1702077178148","POST","1304","200"
"1702077175567","POST","3885","200"
"1702077177551","POST","2029","200"
"1702077176532","POST","3049","200"
"1702077177424","POST","2159","200"
"1702077178198","POST","1385","200"
"1702077178193","POST","1390","200"
"1702077178314","POST","1348","200"
"1702077178435","POST","1267","200"
"1702077178313","POST","1389","200"
"1702077178436","POST","1267","200"
"1702077178436","POST","1267","200"
"1702077178314","POST","1392","200"
"1702077178436","POST","1271","200"
"1702077175866","POST","3914","200"
"1702077175866","POST","4017","200"
"1702077177866","POST","2240","200"
"1702077177879","POST","2257","200"
"1702077177886","POST","2250","200"
"1702077177882","POST","2255","200"
"1702077177768","POST","2369","200"
"1702077178636","POST","1501","200"
"1702077178676","POST","1461","200"
"1702077178819","POST","1318","200"
"1702077177890","POST","2247","200"
"1702077177952","POST","2186","200"
"1702077177124","POST","3228","200"
"1702077178820","POST","1532","200"
"1702077179143","POST","1276","200"
"1702077179156","POST","1303","200"
"1702077179143","POST","1318","200"
"1702077179156","POST","1305","200"
"1702077178086","POST","2376","200"
"1702077178190","POST","2273","200"
"1702077179143","POST","1320","200"
"1702077179156","POST","1307","200"
"1702077178195","POST","2269","200"
"1702077172183","POST","8281","200"
"1702077177592","POST","3039","200"
"1702077179347","POST","1323","200"
"1702077179347","POST","1325","200"
"1702077178395","POST","2277","200"
"1702077178436","POST","2236","200"
"1702077175865","POST","4807","200"
"1702077179347","POST","1328","200"
"1702077173119","POST","7557","200"
"1702077178436","POST","2240","200"
"1702077175866","POST","4810","200"
"1702077179241","POST","1435","200"
"1702077179501","POST","1278","200"
"1702077179642","POST","1232","200"
"1702077178676","POST","2273","200"
"1702077177877","POST","3193","200"
"1702077178684","POST","2386","200"
"1702077178676","POST","2396","200"
"1702077179753","POST","1319","200"
"1702077178818","POST","2254","200"
"1702077179758","POST","1314","200"
"1702077179753","POST","1319","200"
"1702077178683","POST","2389","200"
"1702077179720","POST","1353","200"
"1702077179894","POST","1273","200"
"1702077179758","POST","1433","200"
"1702077179897","POST","1406","200"
"1702077179900","POST","1403","200"
"1702077180185","POST","1118","200"
"1702077179902","POST","1402","200"
"1702077180186","POST","1118","200"
"1702077179935","POST","1369","200"
"1702077179896","POST","1408","200"
"1702077177124","POST","4180","200"
"1702077178086","POST","3218","200"
"1702077179903","POST","1402","200"
"1702077180186","POST","1184","200"
"1702077180186","POST","1354","200"
"1702077178314","POST","3239","200"
"1702077179229","POST","2324","200"
"1702077179232","POST","2321","200"
"1702077180402","POST","1282","200"
"1702077179440","POST","2244","200"
"1702077180471","POST","1214","200"
"1702077179229","POST","2456","200"
"1702077180401","POST","1284","200"
"1702077179226","POST","2459","200"
"1702077175865","POST","5821","200"
"1702077180515","POST","1173","200"
"1702077175866","POST","5895","200"
"1702077179628","POST","2162","200"
"1702077175866","POST","5924","200"
"1702077179628","POST","2162","200"
"1702077179754","POST","2199","200"
"1702077180734","POST","1220","200"
"1702077180734","POST","1220","200"
"1702077180734","POST","1220","200"
"1702077179642","POST","2312","200"
"1702077180734","POST","1285","200"
"1702077180736","POST","1325","200"
"1702077180736","POST","1325","200"
"1702077180736","POST","1325","200"
"1702077179761","POST","2419","200"
"1702077179897","POST","2283","200"
"1702077181136","POST","1133","200"
"1702077180154","POST","2156","200"
"1702077179898","POST","2412","200"
"1702077181150","POST","1162","200"
"1702077180186","POST","2126","200"
"1702077181147","POST","1165","200"
"1702077180187","POST","2265","200"
"1702077180186","POST","2266","200"
"1702077180186","POST","2266","200"
"1702077181146","POST","1393","200"
"1702077179209","POST","3372","200"
"1702077181153","POST","1430","200"
"1702077181248","POST","1335","200"
"1702077181350","POST","1361","200"
"1702077179502","POST","3209","200"
"1702077181350","POST","1361","200"
"1702077181247","POST","1464","200"
"1702077181352","POST","1428","200"
"1702077180516","POST","2436","200"
"1702077181426","POST","1526","200"
"1702077180517","POST","2436","200"
"1702077181362","POST","1591","200"
"1702077181362","POST","1592","200"
"1702077181356","POST","1598","200"
"1702077175866","POST","7088","200"
"1702077181610","POST","1421","200"
"1702077181613","POST","1450","200"
"1702077180695","POST","2445","200"
"1702077181615","POST","1528","200"
"1702077179633","POST","3510","200"
"1702077181748","POST","1494","200"
"1702077181740","POST","1502","200"
"1702077179831","POST","3411","200"
"1702077181740","POST","1502","200"
"1702077178823","POST","4419","200"
"1702077180736","POST","2506","200"
"1702077178898","POST","4452","200"
"1702077178824","POST","4597","200"
"1702077181907","POST","1593","200"
"1702077181911","POST","1589","200"
"1702077181843","POST","1658","200"
"1702077181912","POST","1589","200"
"1702077179898","POST","3816","200"
"1702077181913","POST","1869","200"
"1702077181912","POST","1870","200"
"1702077180927","POST","2856","200"
"1702077182011","POST","1772","200"
"1702077181910","POST","1873","200"
"1702077181913","POST","1872","200"
"1702077182118","POST","1862","200"
"1702077182013","POST","1968","200"
"1702077182070","POST","1914","200"
"1702077182119","POST","1865","200"
"1702077182119","POST","1866","200"
"1702077182241","POST","1809","200"
"1702077181353","POST","2857","200"
"1702077181352","POST","2859","200"
"1702077182356","POST","1855","200"
"1702077182359","POST","1852","200"
"1702077182319","POST","1892","200"
"1702077181353","POST","2859","200"
"1702077182366","POST","1915","200"
"1702077180514","POST","3837","200"
"1702077182505","POST","1846","200"
"1702077182506","POST","1845","200"
"1702077182359","POST","1992","200"
"1702077180516","POST","3835","200"
"1702077182756","POST","1794","200"
"1702077182756","POST","1835","200"
"1702077180730","POST","3861","200"
"1702077182757","POST","1834","200"
"1702077181731","POST","2860","200"
"1702077182837","POST","1755","200"
"1702077181732","POST","2862","200"
"1702077182761","POST","1833","200"
"1702077181731","POST","2863","200"
"1702077182633","POST","1962","200"
"1702077180734","POST","3862","200"
"1702077181740","POST","2950","200"
"1702077181843","POST","2919","200"
"1702077181911","POST","2889","200"
"1702077181844","POST","2957","200"
"1702077180823","POST","3978","200"
"1702077181909","POST","3092","200"
"1702077183189","POST","1813","200"
"1702077181909","POST","3093","200"
"1702077183091","POST","1911","200"
"1702077183129","POST","1874","200"
"1702077183195","POST","1808","200"
"1702077183194","POST","1809","200"
"1702077182028","POST","3043","200"
"1702077180191","POST","4908","200"
"1702077183479","POST","1733","200"
"1702077178198","POST","7014","200"
"1702077176600","POST","8612","200"
"1702077183763","POST","1516","200"
"1702077181153","POST","4170","200"
"1702077181146","POST","4177","200"
"1702077182227","POST","3096","200"
"1702077181153","POST","4170","200"
"1702077183560","POST","1763","200"
"1702077183549","POST","1774","200"
"1702077183842","POST","1481","200"
"1702077183846","POST","1606","200"
"1702077183924","POST","1597","200"
"1702077183920","POST","1643","200"
"1702077183923","POST","1642","200"
"1702077183922","POST","1643","200"
"1702077180515","POST","5156","200"
"1702077180515","POST","5156","200"
"1702077180516","POST","5156","200"
"1702077182506","POST","3166","200"
"1702077180513","POST","5159","200"
"1702077181356","POST","4316","200"
"1702077184043